Year,Week
2020,1
2020,2
2020,3
2020,4
2020,5
2020,6
2020,7
2020,8
2020,9
2020,10
2020,11
2020,12
2020,13
2020,14
2020,15
2020,16
2020,17
2020,18
2020,19
2020,20
2020,21
2020,22
2020,23
2020,24
2020,25
2020,26
2020,27
2020,28
2020,29
2020,30
2020,31
2020,32
2020,33
2020,34
2020,35
2020,36
2020,37
2020,38
2020,39
2020,40
2020,41
2020,42
2020,43
2020,44
2020,45
2020,46
2020,47
2020,48
2020,49
2020,50
2020,51
2020,52
2020,53
2021,1
2021,2
2021,3
2021,4
2021,5
2021,6
2021,7
2021,8
2021,9
2021,10
2021,11
2021,12
2021,13
2021,14
2021,15
2021,16
2021,17
2021,18
2021,19
2021,20
2021,21
2021,22
2021,23
2021,24
2021,25
2021,26
2021,27
2021,28
2021,29
2021,30
2021,31
2021,32
2021,33
